"employee_number","lastname","firstname","sss_number","philhealth_number","tin_number","pagibig_number"
"10001","Crisostomo","Jose","49-1632020-8","382189453145","317-674-022-000","441093369646"
"10002","Mata","Christian","49-2959312-6","824187961962","103-100-522-000","631052853464"
"10003","San Jose","Brad ","40-2400714-1","239192926939","672-474-690-000","210850209964"
"10004","Salcedo","Anthony","26-9647608-3","126445315651","210-805-911-000","218002473454"
"10005","Romualdez","Alice","55-4476527-2","545652640232","888-572-294-000","211385556888"
"10006","Atienza","Rosie ","41-0644692-3","708988234853","604-997-793-000","260107732354"
"10007","Farala","Martha","45-5656375-0","233693897247","210-835-851-000","631130283546"
"10008","Martinez","Leila","27-2090996-4","515741057496","275-792-513-000","101205445886"
"10009","San Jose","Allison ","45-3251383-0","745148459521","121-203-336-000","114901859343"
"10010","Rosario","Cydney ","49-1629900-2","579253435499","122-244-511-000","265104358643"
"10011","Lopez","Josie ","44-8563448-3","431709011012","218-489-737-000","113071293354"
"10012","De Leon","Selena ","27-2090208-8","587272469938","482-259-498-000","719007608464"
"10013","Romualdez","Fredrick ","26-8768374-1","308366860059","598-065-761-000","223057707853"
"10014","Bautista","Mark ","49-1647342-5","399665157135","273-970-941-000","260054585575"
"10015","Lazaro","Darlene ","45-5617168-2","606386917510","354-650-951-000","104907708845"
"10016","Delos Santos","Kolby ","52-0109570-6","357451271274","187-500-345-000","113017988667"
"10017","Santos","Vella ","52-9883524-3","548670482885","101-558-994-000","360028104576"
"10018","Del Rosario","Tomas","45-5866331-6","953901539995","560-735-732-000","913108649964"
"10019","Tolentino","Jacklyn ","47-1692793-0","753800654114","841-177-857-000","210546661243"
"10020","Gutierrez","Percival ","40-9504657-8","797639382265","502-995-671-000","210897095686"
"10021","Manalaysay","Garfield ","45-3298166-4","810909286264","336-676-445-000","211274476563"
"10022","Villegas","Lizeth ","40-2400719-4","934389652994","210-395-397-000","122238077997"
"10023","Ramos","Carol ","60-1152206-4","351830469744","395-032-717-000","212141893454"
"10024","Maceda","Emelia ","54-1331005-0","465087894112","215-973-013-000","515012579765"
"10025","Aguilar","Delia ","52-1859253-1","136451303068","599-312-588-000","110018813465"
